id,badwords
1,jigaboo
2,mound of venus
3,asslover
4,s&m
5,queaf
6,whitetrash
7,meatrack
8,ra8s
9,pimp
10,urine
11,whit
12,randy
13,herpes
14,niglet
15,narcotic
16,pudboy
17,rimming
18,boner
19,pornography
20,poop chute
21,israel
22,dong
23,slanteye
24,muffdiving
25,jiggabo
26,assassination
27,peepshpw
28,popimp
29,girl on
30,testicles
31,laid
32,molestor
33,peni5
34,tranny
35,barface
36,hell
37,arsehole
38,pissed
39,sixsixsix
40,execute
41,shitty 
42,conspiracy
43,hamas
44,cunilingus
45,bitcher
46,muslim
47,pee
48,niggled
49,muffindiver
50,cocksman
51,scag
52,aroused
53,niggling
54,fingerfucker 
55,nlggor
56,niggaz
57,assfuck
58,slant
59,urinate
60,mothafucked 
61,fungus
62,retard
63,gummer
64,venus mound
65,alla
66,spaghettinigger
67,piss
68,mickeyfinn
69,fuckers
70,jizzim
71,tramp
72,quashie
73,prince albert piercing
74,hardon
75,menage a trois
76,bukkake
77,shag
78,australian
79,raped
80,buggery
81,deth
82,weenie
83,lickme
84,reverse cowgirl
85,tonguetramp
86,cum
87,copulate
88,gun
89,schlong
90,cunn
91,damnit
92,crackpipe
93,buttmuncher
94,cameltoe
95,camgirl
96,hotpussy
97,cuntfucker
98,slave
99,sluts
100,ball licking
101,hentai
102,jackshit
103,dickman
104,doo-doo
105,gook
106,crimes
107,ho
108,bomd
109,shitdick
110,slapper
111,urinary
112,tantra
113,nookie
114,fuckedup
115,gubba
116,niggur
117,cybersex
118,dicklicker
119,cunillingus
120,hitlerism
121,butt
122,triplex
123,busty
124,dicklick
125,kunilingus
126,asian
127,tonguethrust
128,fistfucking 
129,assmonkey
130,criminal
131,cockknob
132,koon
133,children's
134,shat
135,footfucker
136,blonde action
137,spitter
138,weapon
139,dive
140,cumm
141,cuntlicking 
142,sexy-slim
143,lemon party
144,vibrater
145,upskirt
146,jijjiboo
147,fuckfriend
148,pthc
149,mothafucka
150,sniggered
151,buttfuckers
152,nutfucker
153,peehole
154,taboo
155,erection
156,nudity
157,bast
158,lesbayn
159,hummer
160,shortfuck
161,cherrypopper
162,adult
163,palestinian
164,pussylips
165,nooner
166,how to kill
167,blumpkin
168,stiffy
169,piss pig
170,beastiality
171,latin
172,butchbabes
173,spunk
174,gross
175,xx
176,crackwhore
177,butt-fuckers
178,kraut
179,pooping
180,style doggy
181,lactate
182,fecal
183,rusty trombone
184,wrinkled starfish
185,spigotty
186,dink
187,clogwog
188,whitey
189,dies
190,radical
191,slaughter
192,bollick
193,sodomite
194,balls
195,nimphomania
196,ball gag
197,poof
198,muff diver
199,jail bait
200,beaver
201,asspirate
202,bareback
203,pimpjuice
204,ballsack
205,bi-sexual
206,torture
207,limey
208,nookey
209,breastman
210,loser
211,kills
212,lesbo
213,beatyourmeat
214,lovemaking
215,munt
216,clitoris
217,fornicate
218,wet dream
219,double penetration
220,missionary position
221,bugger
222,lovejuice
223,date rape
224,eatballs
225,handjob
226,nlgger
227,dixiedyke
228,junglebunny
229,sonofabitch
230,goddamned
231,deep throat
232,jism
233,assclown
234,shitforbrains
235,screwyou
236,ethiopian
237,nastyslut
238,gang bang
239,lubejob
240,tied up
241,make me come
242,rimjob
243,sexfarm
244,tight white
245,lezbe
246,lezbo
247,tribadism
248,butt-bang
249,asskiss
250,sadism
251,biteme
252,angie
253,abortion
254,murderer
255,motherfucker
256,sextoy
257,2g1c
258,doggy style
259,cunntt
260,cooly
261,ball sack
262,sodom
263,slideitin
264,fudge packer
265,fatfuck
266,god
267,gipp
268,communist
269,felatio 
270,libido
271,xtc
272,cuntfuck
273,niggardly
274,fuckface
275,faggot
276,protestant
277,trailertrash
278,headfuck
279,shav
280,dickweed
281,refugee
282,trannie
283,giant cock
284,sexhound
285,slut
286,dead
287,titlover
288,wank
289,moslem
290,krappy
291,black cock
292,idiot
293,tortur
294,erotic
295,donkey punch
296,dirty pillows
297,cockcowboy
298,sucker
299,cocktail
300,doom
301,hymen
302,vibr
303,terrorist
304,mufflikcer
305,phonesex
306,teste
307,pisshead
308,slime
309,brea5t
310,tea bagging
311,slutt
312,cumbubble
313,blackout
314,hijacking
315,premature
316,sextogo
317,arse
318,racist
319,jimfish
320,flydye
321,juggs
322,jade
323,wigger
324,niggard's
325,jigg
326,dumb
327,devilworshipper
328,firing
329,gatorbait
330,murder
331,chinese
332,fastfuck
333,spik
334,nuke
335,bastinado
336,kondum
337,pansy
338,destroy
339,ikey
340,women rapping
341,titfucker
342,crime
343,swinger
344,shitola
345,killer
346,fart
347,booby
348,pimpsimp
349,coon
350,strap on
351,zigabo
352,faith
353,bisexual
354,gangsta
355,teat
356,boobies
357,kafir
358,dp action
359,jugs
360,husky
361,homoerotic
362,twinkie
363,spooge
364,kink
365,sleezebag
366,gay
367,homo
368,slutwhore
369,dickless
370,cumfest
371,israeli
372,fuk
373,niggardliness
374,nigr
375,goddamit
376,sandnigger
377,dope
378,insest
379,foreskin
380,acrotomophilia
381,dumbbitch
382,fuckmonkey
383,pubiclice
384,cyberslimer
385,titfuck
386,cummer
387,kumquat
388,one guy one jar
389,fire
390,sexo
391,carruth
392,cocktease
393,trisexual
394,pric
395,rabbi
396,gypp
397,cunnilingus
398,dipshit
399,welfare
400,arabs
401,transvestite
402,tnt
403,penile
404,mothafuckings
405,peckerwood
406,enemy
407,negroid
408,genital
409,gangbanger
410,queef
411,strapon
412,thicklips
413,female squirting
414,flydie
415,crabs
416,christ
417,ejaculate
418,carpet muncher
419,lucifer
420,butchdyke
421,vatican
422,skumbag
423,horseshit
424,eunuch
425,dickforbrains
426,bondage
427,kumbullbe
428,crack
429,niggerhole
430,niggard
431,rosy palm
432,assranger
433,beat-off
434,bastard 
435,asspuppies
436,jiggerboo
437,cuntlick 
438,pommie
439,doggie style
440,lezz
441,jesuschrist
442,nazi
443,feltch
444,chode
445,pleasure chest
446,wetback
447,zipperhead
448,necro
449,goddamnmuthafucker
450,whiskeydick
451,slopy
452,executioner
453,colored
454,ethnic
455,turnon
456,hole
457,nofuckingway
458,mastrabator
459,jack off
460,orgies
461,pisses 
462,blow j
463,criminals
464,cockqueen
465,tosser
466,snownigger
467,holestuffer
468,dipstick
469,mofo
470,nipplering
471,minority
472,italiano
473,palesimian
474,poo
475,horn
476,rape
477,genitals
478,conservative
479,jebus
480,bullcrap
481,dick
482,cumqueen
483,spread legs
484,cancer
485,kaffir
486,mocky
487,suckmytit
488,vorarephilia
489,naked
490,shited
491,nigg
492,spermhearder
493,whore
494,african
495,disease
496,lovebone
497,spreadeagle
498,coprolagnia
499,humping
500,suicide girls
501,bong
502,pole smoker
503,shrimping
504,gin
505,purinapricness
506,sexslave
507,big knockers
508,iblowu
509,pissin 
510,skank
511,lotion
512,asshole
513,easyslut
514,mothafucker
515,whiz
516,lsd
517,cocksucked 
518,hosejob
519,wanker
520,cumjockey
521,eat my ass
522,lovegoo
523,whites
524,propaganda
525,sexwhore
526,cunt
527,welcher
528,how to murder
529,scum
530,phuked
531,suckoff
532,shithapens
533,drug
534,auto erotic
535,sultry women
536,barenaked
537,wetspot
538,sixtynine
539,wrapping men
540,buttplug
541,jiggy
542,alligatorbait
543,flange
544,shitfit
545,dirty
546,huge fat
547,bulldyke
548,orgasm
549,bumfuck
550,deposit
551,big breasts
552,sexual
553,japanese
554,suckmyass
555,church
556,goyim
557,bohunk
558,bigass
559,fannyfucker
560,gaymuthafuckinwhore
561,babies
562,girls
563,turd
564,fuck buttons
565,fagging
566,pisser
567,sandm
568,wog
569,escort
570,octopussy
571,tinkle
572,snigger
573,groe
574,vibrator
575,dix
576,swalow
577,chin
578,niggles
579,asslicker
580,molester
581,backseat
582,geez
583,seppo
584,sexually
585,boong
586,voyeur
587,butthole
588,hoser
589,fore
590,asswhore
591,cocaine
592,skanky
593,european
594,mothafuck
595,titlicker
596,buttstain
597,penises
598,spermacide
599,mexican
600,skankybitch
601,white power
602,puddboy
603,coondog
604,stripclub
605,mockie
606,american
607,jesus
608,tushy
609,kumbubble
610,milf
611,mormon
612,ontherag
613,henhouse
614,slutty
615,big black
616,dego
617,daterape
618,phukked
619,cuntlicker 
620,failed
621,lezbefriends
622,pissing
623,bitchy
624,pohm
625,kigger
626,nastywhore
627,bangbros
628,upthebutt
629,cohee
630,fistfuck
631,fuckingbitch
632,shibari
633,cigs
634,jiggaboo
635,japcrap
636,raper
637,jackass
638,orgasim 
639,sexed
640,jackoff
641,baby batter
642,toilet
643,tampon
644,uk
645,porn
646,snowballing
647,goldenshower
648,titties
649,towelhead
650,titjob
651,abo
652,molestation
653,fok
654,crapola
655,foursome
656,suicide
657,scrotum
658,cumming
659,niggerhead
660,pussie
661,abuse
662,analannie
663,cocksucking
664,breastjob
665,blonde on blonde action
666,paedophile
667,kumming
668,reestie
669,suckme
670,willie
671,shhit
672,titbitnipply
673,hot chick
674,skankwhore
675,fudgepacker
676,dragqueen
677,deapthroat
678,barelylegal
679,circlejerk
680,shinola
681,hookers
682,flatulence
683,scat
684,damn
685,mafia
686,anus
687,gokkun
688,argie
689,buttpirate
690,goregasm
691,fagot
692,fuks
693,redneck
694,jiga
695,cockhead
696,freakfuck
697,2 girls 1 cup
698,crotchjockey
699,dripdick
700,die
701,fuckina
702,orgy
703,phungky
704,beaver cleaver
705,sexy
706,darky
707,magicwand
708,screw
709,dominatrix
710,butt-fucker
711,neonazi
712,fuckpig
713,manpaste
714,molest
715,whiskydick
716,lez
717,darkie
718,rearend
719,niggardliness's
720,trojan
721,smack
722,lapdance
723,brunette action
724,hindoo
725,fourtwenty
726,deepthroat
727,moles
728,hebe
729,pommy
730,fuckher
731,stringer
732,one cup two girls
733,peck
734,backdoorman
735,male squirting
736,shiting
737,clamdiver
738,fairy
739,pussylicker
740,slav
741,nigre
742,robber
743,horny
744,penetration
745,phuking
746,cigarette
747,dyefly
748,playboy
749,golden shower
750,cumshot
751,chinamen
752,pickaninny
753,diddle
754,fatah
755,bombers
756,suckdick
757,bigbastard
758,pube
759,mosshead
760,pornking
761,terror
762,pimper
763,fuckbuddy
764,period
765,catholics
766,pistol
767,g-spot
768,doodoo
769,mockey
770,funeral
771,prickhead
772,whop
773,allah
774,pussyeater
775,cocksmith
776,executed
777,barely legal
778,niggarding
779,swastika
780,buried
781,pocho
782,nip
783,weewee
784,whiskey
785,beast
786,phone sex
787,muncher
788,fuckhead
789,smackthemonkey
790,badfuck
791,harem
792,nigerians
793,bastardo
794,shooting
795,pissoff 
796,fistfucked 
797,ginzo
798,mattressprincess
799,primetime
800,undressing
801,fuckable
802,puss
803,bbw
804,damnation
805,jeez
806,stroking
807,leather restraint
808,yankee
809,piky
810,beastality
811,cocksucer
812,goddamn
813,poopchute
814,shitfaced
815,dickhead
816,gangbanged 
817,masterbate
818,pikey
819,rosy palm and her 5 sisters
820,doggiestyle
821,bitches
822,desire
823,pansies
824,dickbrain
825,sissy
826,felch
827,penis
828,horney
829,buttmunch
830,baptist
831,assassin
832,fingering
833,cock
834,osama
835,mothafucking 
836,republican
837,wetb
838,freefuck
839,rere
840,goatse
841,transexual
842,bunghole
843,assholes
844,butt-fuck
845,nig nog
846,snowback
847,sniper
848,gangbang
849,cockfight
850,death
851,mggor
852,skankbitch
853,goy
854,twat
855,masturbate
856,usama
857,babeland
858,dickwad
859,cornhole
860,nigra
861,fuckinright
862,blue waffle
863,clit
864,niggle
865,timbernigger
866,picaninny
867,whorefucker
868,yellowman
869,ass
870,ero
871,dommes
872,nig
873,lolita
874,grostulation
875,dixiedike
876,shitfucker
877,hymie
878,sheeney
879,asswipe
880,crash
881,vomit
882,died
883,femdom
884,cameljockey
885,footfuck
886,sonofbitch
887,cleveland steamer
888,dahmer
889,feltcher
890,bitch
891,fingerfuckers
892,buttface
893,evl
894,dammit
895,lovepistol
896,twink
897,shitting
898,blind
899,reefer
900,beaver lips
901,motherlovebone
902,panties
903,fucka
904,fatass
905,lugan
906,devil
907,pornflick
908,russkie
909,fight
910,thirdleg
911,hore
912,jerk off
913,negroes
914,moron
915,shaved beaver
916,gonzagas
917,drunken
918,blackman
919,asskisser
920,crotchrot
921,motherfuckin
922,lezzo
923,fondle
924,slopey
925,clusterfuck
926,fister
927,skankfuck
928,condom
929,kill
930,taff
931,shithouse
932,cockblock
933,hoes
934,horniest
935,kunt
936,facefucker
937,assmuncher
938,bollock
939,smut
940,stupidfuck
941,assmunch
942,prostitute
943,payo
944,poorwhitetrash
945,honkey
946,farting 
947,getiton
948,bulldike
949,raping
950,arab
951,moky
952,futanari
953,nigger
954,illegal
955,hardcore
956,skinflute
957,throating
958,asspacker
959,leather straight jacket
960,raghead
961,crotch
962,goo girl
963,knobbing
964,buttman
965,glazeddonut
966,urethra play
967,africa
968,fairies
969,fuckmehard
970,shaved pussy
971,bitchin
972,fu
973,cocks
974,fucker
975,gyppie
976,kinkster
977,penthouse
978,biatch
979,wop
980,erect
981,fag
982,fuck
983,shitfull
984,vaginal
985,fraud
986,color
987,flasher
988,filipino
989,sexpot
990,sexymoma
991,boonie
992,puke
993,buttcheeks
994,cacker
995,bdsm
996,shemale
997,porchmonkey
998,violet blue
999,eatme
1000,looser
1001,virgin
1002,assbagger
1003,limy
1004,negro's
1005,lesbian
1006,hustler
1007,cunteyed
1008,tarbaby
1009,nipples
1010,dumbfuck
1011,backdoor
1012,wuzzie
1013,sadom
1014,threeway
1015,pimpjuic
1016,chinaman
1017,brown showers
1018,pubes
1019,masturbating
1020,bollocks
1021,bunga
1022,sodomize
1023,goddammit
1024,footstar
1025,goatcx
1026,chink
1027,butthead
1028,liquor
1029,spermbag
1030,jailbait
1031,beatoff
1032,incest
1033,vagina
1034,urophilia
1035,niggarded
1036,kaffer
1037,rearentry
1038,motherfucking
1039,spic
1040,areola
1041,harder
1042,greaseball
1043,loverocket
1044,asshore
1045,perv
1046,fingerfood
1047,muff
1048,shaggin
1049,commie
1050,hitler
1051,burn
1052,honky
1053,tongue
1054,fubar
1055,oral
1056,dildo
1057,abbo
1058,sniggering
1059,bomb
1060,omorashi
1061,pedophile
1062,spig
1063,freakyfucker
1064,swallower
1065,birdlock
1066,bigbutt
1067,nastyho
1068,goddamnes
1069,pooperscooper
1070,bi
1071,sucks
1072,jizz
1073,nambla
1074,puntang
1075,gay sex
1076,bootycall
1077,reject
1078,enema
1079,sob
1080,spankthemonkey
1081,buggered
1082,jewish
1083,wuss
1084,asslick
1085,bitching
1086,strip club
1087,gringo
1088,pendy
1089,tard
1090,boody
1091,chocolate rosebuds
1092,buttfuck
1093,domination
1094,faeces
1095,splittail
1096,clamdigger
1097,shitlist
1098,double dong
1099,niggor
1100,motherfucked
1101,slimeball
1102,pusy
1103,pedobear
1104,excrement
1105,goddamnit
1106,stagg
1107,hijack
1108,sexkitten
1109,hook
1110,coolie
1111,phuq
1112,servant
1113,gyppo
1114,slopehead
1115,pud
1116,fingerfuck 
1117,dumbass
1118,williewanker
1119,fisting
1120,crapper
1121,sixtyniner
1122,fetish
1123,two girls one cup
1124,threesome
1125,bitchez
1126,manhater
1127,pudd
1128,nympho
1129,mothafuckin
1130,shitted
1131,hitlerist
1132,semen
1133,pi55
1134,yaoi
1135,scissoring
1136,sodomise
1137,ky
1138,big tits
1139,muffdiver
1140,farty 
1141,nsfw images
1142,ecchi
1143,dirty sanchez
1144,mooncricket
1145,shite
1146,boom
1147,asshat
1148,fat
1149,intercourse
1150,chav
1151,intheass
1152,jacktheripper
1153,felcher
1154,spaghettibender
1155,angry
1156,gaysex 
1157,willy
1158,addict
1159,russki
1160,slimebucket
1161,bogan
1162,goodpoop
1163,fuckme 
1164,shitcan
1165,brothel
1166,rentafuck
1167,footjob
1168,sick
1169,shitoutofluck
1170,paki
1171,rump
1172,licker
1173,nigerian
1174,pindick
1175,cockrider
1176,felching
1177,geezer
1178,balllicker
1179,ponyplay
1180,fuckoff
1181,jizzum
1182,sadis
1183,hodgie
1184,fatfucker
1185,poop
1186,tits
1187,bicurious
1188,bombs
1189,hork
1190,mr hands
1191,bi curious
1192,sooty
1193,liberal
1194,prick
1195,clover clamps
1196,spunky
1197,nymphomania
1198,playgirl
1199,vietcong
1200,yellow showers
1201,xxx
1202,pecker
1203,bitchslap
1204,demon
1205,crap
1206,jihad
1207,assjockey
1208,macaca
1209,kums
1210,kinky
1211,pooper
1212,homicide
1213,fuuck
1214,poon
1215,fear
1216,shitfuck
1217,tittie
1218,wanking
1219,girl on top
1220,fistfucker 
1221,zoophilia
1222,farted 
1223,nigglings
1224,hiscock
1225,tang
1226,erotism
1227,floo
1228,honger
1229,meth
1230,beaner
1231,kummer
1232,wn
1233,geni
1234,whash
1235,fuckinnuts
1236,fuckin
1237,tainted love
1238,dyke
1239,kotex
1240,suck
1241,poverty
1242,butchdike
1243,datnigga
1244,uterus
1245,execution
1246,trots
1247,luckycammeltoe
1248,roach
1249,swallow
1250,motherfuck
1251,blow
1252,ball gravy
1253,slutwear
1254,panti
1255,kissass
1256,shawtypimp
1257,muffdive
1258,mulatto
1259,noonan
1260,wab
1261,banging
1262,tunneloflove
1263,doggystyle
1264,fuckwhore
1265,rapist
1266,homobangers
1267,porno
1268,barfface
1269,sex
1270,syphilis
1271,pearlnecklace
1272,sleezeball
1273,sextoys
1274,assman
1275,german
1276,shagging
1277,anilingus
1278,stupidfucker
1279,loadedgun
1280,beastial
1281,shithead
1282,asses
1283,pussylover
1284,niggah
1285,gotohell
1286,jigga
1287,remains
1288,frotting
1289,thirdeye
1290,fuckknob
1291,inthebuff
1292,nawashi
1293,roundeye
1294,retarded
1295,mastabate
1296,disturbed
1297,kunnilingus
1298,bung hole
1299,pee-pee
1300,camwhore
1301,satan
1302,lowlife
1303,tubgirl
1304,fucks
1305,diseases
1306,blow your l
1307,krap
1308,addicts
1309,snatchpatch
1310,bra
1311,poontang
1312,snatch
1313,pussypounder
1314,shit
1315,knife
1316,pu55i
1317,footaction
1318,footlicker
1319,bimbos
1320,mothafuckaz
1321,pussycat
1322,fucking
1323,funfuck
1324,piece of shit
1325,boang
1326,nipple
1327,fuckit
1328,shoot
1329,quim
1330,booty call
1331,slutting
1332,coitus
1333,tit
1334,spermherder
1335,raging boner
1336,buttfucker
1337,quickie
1338,grope
1339,skum
1340,rectum
1341,kanake
1342,soviet
1343,lies
1344,honkers
1345,chinky
1346,dingleberry
1347,shota
1348,hillbillies
1349,godammit
1350,fugly
1351,nasty
1352,ejaculation
1353,waysted
1354,carpetmuncher
1355,nastybitch
1356,camel toe
1357,strappado
1358,jew
1359,limpdick
1360,heroin
1361,panty
1362,polack
1363,pornprincess
1364,gonorrehea
1365,meatbeatter
1366,crotchmonkey
1367,topless
1368,shithappens
1369,foot fetish
1370,canadian
1371,amateur
1372,uck
1373,whitenigger
1374,niger
1375,bigger
1376,squaw
1377,hand job
1378,buttbang
1379,titty
1380,gypo
1381,defecate
1382,kock
1383,niggaracci
1384,pussyfucker
1385,corruption
1386,girls gone wild
1387,boobs
1388,ejaculated
1389,shitface
1390,autoerotic
1391,creamy
1392,bible
1393,fckcum
1394,knockers
1395,fucck
1396,whorehouse
1397,cocksmoker
1398,queer
1399,cocklover
1400,assblaster
1401,bombing
1402,hooters
1403,forni
1404,kike
1405,hapa
1406,bazooms
1407,vulva
1408,failure
1409,racial
1410,fuckfreak
1411,snot
1412,cuntsucker
1413,fingerfucked 
1414,scallywag
1415,pixy
1416,kkk
1417,mastabater
1418,byatch
1419,whigger
1420,sos
1421,pussy
1422,group sex
1423,attack
1424,fucktard
1425,nook
1426,marijuana
1427,filipina
1428,asscowboy
1429,fatso
1430,spit
1431,bazongas
1432,chickslick
1433,joint
1434,niggards
1435,cockblocker
1436,gob
1437,lingerie
1438,anal
1439,headlights
1440,dike
1441,pegging
1442,kaffre
1443,taste my
1444,crack-whore
1445,lynch
1446,tub girl
1447,bullshit
1448,explosion
1449,black
1450,homosexual
1451,fucked
1452,showtime
1453,lesbin
1454,kid
1455,fellatio
1456,nudger
1457,women's
1458,boonga
1459,choad
1460,assault
1461,cra5h
1462,tuckahoe
1463,fingerfucking 
1464,hijacker
1465,athletesfoot
1466,pom
1467,livesex
1468,hostage
1469,cocknob
1470,nude
1471,hard core
1472,fuckbag
1473,hobo
1474,itch
1475,gyp
1476,kyke
1477,pros
1478,stupid
1479,radicals
1480,figging
1481,fuckfest
1482,hottotrot
1483,kinbaku
1484,sexhouse
1485,violet wand
1486,analsex
1487,nigga
1488,nittit
1489,jiz 
1490,suckmydick
1491,pussies
1492,hotdamn
1493,assfucker
1494,jizim
1495,pixie
1496,kum
1497,cemetery
1498,rigger
1499,ethical slut
1500,dolcett
1501,ejaculating 
1502,babe
1503,cumquat
1504,eatpussy
1505,phuk
1506,givehead
1507,drunk
1508,phukking
1509,shiteater
1510,catholic
1511,hooker
1512,cocksuck 
1513,cocksucker
1514,ball kicking
1515,fuckyou
1516,crappy
1517,feltching
1518,mideast
1519,ecstacy
1520,ribbed
1521,dog style
1522,interracial
1523,tongue in a
1524,pocha
1525,skankywhore
1526,pu55y
1527,motherfuckings
1528,piker
1529,peepshow
1530,jap
1531,yiffy
1532,tongethruster
1533,nigger's
1534,breastlover
1535,stroke
1536,twobitwhore
1537,shits
1538,israel's
1539,jerkoff
1540,bullet vibe
1541,assassinate
1542,killed
1543,pocketpool
1544,whacker
1545,wtf
1546,barf
1547,juggalo
1548,negro
1549,spick
1550,gyppy
1551,nymph
1552,snigger's
1553,violence
1554,lovemuscle
1555,dago
1556,feces
1557,booty
1558,niggers
1559,shitter
1560,sodomy
1561,hussy
1562,pisspig
1563,coprophilia
1564,christian
1565,pimped
1566,boob
1567,breast
1568,sperm
1569,coloured
1570,redlight
1571,blacks
1572,orga
1573,bumblefuck
1574,mams
1575,slavedriver
1576,killing
1577,uptheass
1578,bestial
1579,sweetness
1580,heeb
1581,piccaninny
1582,pot
1583,honk
1584,jizjuice
1585,fuc
1586,nignog
1587,mgger
1588,sexing
1589,virginbreaker
1590,samckdaddy
1591,masterblaster
1592,heterosexual
1593,jigger 
1594,blowjob
1595,lovegun
1596,shitstain
1597,spank
1598,hiv
1599,lesbain
1600,mad
1601,sniggers
1602,jizm 
1603,testicle
1604,ball sucking
1605,dragqween
1606,guro
1607,pubic
1608,titfuckin
1609,moneyshot
1610,camslut
1611,bountybar
1612,assklown
1613,cocky
1614,transsexual
1615,unfuckable
1616,bestiality
1617,cocklicker
